metal,4,12,310,265,metal/metal1.jpg,512,384
metal,241,16,271,360,metal/metal10.jpg,512,384
metal,59,35,433,333,metal/metal11.jpg,512,384
metal,14,93,470,261,metal/metal12.jpg,512,384
metal,245,74,255,285,metal/metal13.jpg,512,384
metal,163,43,311,293,metal/metal14.jpg,512,384
metal,93,136,267,163,metal/metal15.jpg,512,384
metal,52,109,416,253,metal/metal16.jpg,512,384
metal,101,18,237,252,metal/metal17.jpg,512,384
metal,118,131,238,141,metal/metal18.jpg,512,384
metal,87,15,297,296,metal/metal19.jpg,512,384
metal,151,78,193,213,metal/metal2.jpg,512,384
metal,7,5,438,373,metal/metal20.jpg,512,384
metal,195,88,213,288,metal/metal21.jpg,512,384
metal,190,75,228,241,metal/metal22.jpg,512,384
metal,116,90,356,274,metal/metal23.jpg,512,384
metal,106,81,257,249,metal/metal24.jpg,512,384
metal,127,67,267,285,metal/metal25.jpg,512,384
metal,110,33,346,322,metal/metal26.jpg,512,384
metal,136,42,293,283,metal/metal27.jpg,512,384
metal,137,68,299,284,metal/metal28.jpg,512,384
metal,118,76,259,250,metal/metal29.jpg,512,384
metal,133,179,142,122,metal/metal3.jpg,512,384
metal,163,7,206,355,metal/metal30.jpg,512,384
metal,93,11,408,364,metal/metal31.jpg,512,384
metal,120,46,234,227,metal/metal32.jpg,512,384
metal,37,4,345,266,metal/metal33.jpg,512,384
metal,104,88,280,288,metal/metal34.jpg,512,384
metal,115,9,360,355,metal/metal35.jpg,512,384
metal,29,61,284,250,metal/metal354.jpg,512,384
metal,219,113,293,271,metal/metal355.jpg,512,384
metal,132,98,255,167,metal/metal356.jpg,512,384
metal,120,7,353,186,metal/metal357.jpg,512,384
metal,120,36,342,281,metal/metal358.jpg,512,384
metal,139,33,254,318,metal/metal359.jpg,512,384
metal,24,9,316,323,metal/metal36.jpg,512,384
metal,135,43,211,202,metal/metal360.jpg,512,384
metal,69,9,353,344,metal/metal361.jpg,512,384
metal,140,5,228,258,metal/metal362.jpg,512,384
metal,156,19,301,231,metal/metal363.jpg,512,384
metal,142,47,323,322,metal/metal364.jpg,512,384
metal,52,12,425,290,metal/metal365.jpg,512,384
metal,193,8,312,319,metal/metal366.jpg,512,384
metal,106,142,342,187,metal/metal367.jpg,512,384
metal,121,107,243,277,metal/metal368.jpg,512,384
metal,114,71,204,201,metal/metal369.jpg,512,384
metal,208,149,292,225,metal/metal37.jpg,512,384
metal,147,191,365,187,metal/metal370.jpg,512,384
metal,227,139,176,169,metal/metal371.jpg,512,384
metal,18,136,315,237,metal/metal372.jpg,512,384
metal,163,104,208,203,metal/metal373.jpg,512,384
metal,40,76,421,307,metal/metal374.jpg,512,384
metal,196,0,244,239,metal/metal375.jpg,512,384
metal,226,93,282,286,metal/metal376.jpg,512,384
metal,91,56,349,314,metal/metal377.jpg,512,384
metal,169,73,184,184,metal/metal378.jpg,512,384
metal,110,208,292,171,metal/metal379.jpg,512,384
metal,51,58,272,230,metal/metal38.jpg,512,384
metal,4,9,322,349,metal/metal380.jpg,512,384
metal,56,8,248,268,metal/metal381.jpg,512,384
metal,180,0,226,271,metal/metal382.jpg,512,384
metal,62,79,395,295,metal/metal383.jpg,512,384
metal,143,89,321,273,metal/metal384.jpg,512,384
metal,173,83,214,205,metal/metal385.jpg,512,384
metal,148,187,346,197,metal/metal386.jpg,512,384
metal,101,22,375,353,metal/metal387.jpg,512,384
metal,53,0,370,312,metal/metal388.jpg,512,384
metal,116,44,329,317,metal/metal389.jpg,512,384
metal,152,76,166,166,metal/metal39.jpg,512,384
metal,185,43,317,340,metal/metal390.jpg,512,384
metal,40,51,426,328,metal/metal391.jpg,512,384
metal,33,3,456,354,metal/metal392.jpg,512,384
metal,150,48,243,275,metal/metal393.jpg,512,384
metal,78,60,411,324,metal/metal394.jpg,512,384
metal,173,0,188,241,metal/metal395.jpg,512,384
metal,66,149,446,234,metal/metal396.jpg,512,384
metal,221,64,193,191,metal/metal397.jpg,512,384
metal,99,117,279,251,metal/metal398.jpg,512,384
metal,168,73,276,268,metal/metal399.jpg,512,384
metal,253,123,121,145,metal/metal4.jpg,512,384
metal,208,113,262,260,metal/metal40.jpg,512,384
metal,221,126,285,250,metal/metal400.jpg,512,384
metal,213,41,295,334,metal/metal401.jpg,512,384
metal,79,167,405,204,metal/metal402.jpg,512,384
metal,116,172,259,201,metal/metal403.jpg,512,384
metal,36,48,431,313,metal/metal404.jpg,512,384
metal,225,69,287,315,metal/metal405.jpg,512,384
metal,117,10,369,277,metal/metal406.jpg,512,384
metal,117,142,395,242,metal/metal407.jpg,512,384
metal,173,80,339,219,metal/metal408.jpg,512,384
metal,171,52,165,164,metal/metal409.jpg,512,384
metal,139,163,254,221,metal/metal41.jpg,512,384
metal,111,167,375,208,metal/metal410.jpg,512,384
metal,30,137,372,205,metal/metal42.jpg,512,384
metal,114,162,356,211,metal/metal43.jpg,512,384
metal,45,100,457,274,metal/metal43.jpg,512,384
metal,154,5,331,325,metal/metal44.jpg,512,384
metal,13,89,235,230,metal/metal45.jpg,512,384
metal,58,32,355,292,metal/metal46.jpg,512,384
metal,217,129,263,244,metal/metal47.jpg,512,384
metal,192,128,120,109,metal/metal48.jpg,512,384
metal,187,15,288,277,metal/metal49.jpg,512,384
metal,56,27,371,337,metal/metal5.jpg,512,384
metal,41,31,445,324,metal/metal50.jpg,512,384
metal,195,100,177,193,metal/metal51.jpg,512,384
metal,91,12,329,346,metal/metal52.jpg,512,384
metal,112,9,231,239,metal/metal53.jpg,512,384
metal,90,16,335,338,metal/metal54.jpg,512,384
metal,18,148,483,234,metal/metal55.jpg,512,384
metal,146,137,270,247,metal/metal56.jpg,512,384
metal,134,126,183,162,metal/metal57.jpg,512,384
metal,176,135,270,242,metal/metal58.jpg,512,384
metal,210,176,301,208,metal/metal59.jpg,512,384
metal,199,146,87,72,metal/metal6.jpg,512,384
metal,72,123,261,219,metal/metal60.jpg,512,384
metal,91,49,335,329,metal/metal61.jpg,512,384
metal,72,107,323,195,metal/metal62.jpg,512,384
metal,175,115,337,262,metal/metal63.jpg,512,384
metal,23,49,256,287,metal/metal64.jpg,512,384
metal,150,40,296,311,metal/metal65.jpg,512,384
metal,138,127,250,255,metal/metal66.jpg,512,384
metal,133,127,274,257,metal/metal67.jpg,512,384
metal,135,162,238,211,metal/metal68.jpg,512,384
metal,145,109,172,160,metal/metal69.jpg,512,384
metal,142,84,183,196,metal/metal7.jpg,512,384
metal,115,111,255,192,metal/metal70.jpg,512,384
metal,176,73,292,277,metal/metal71.jpg,512,384
metal,206,19,304,288,metal/metal72.jpg,512,384
metal,211,168,301,211,metal/metal73.jpg,512,384
metal,14,164,342,201,metal/metal74.jpg,512,384
metal,45,100,443,257,metal/metal75.jpg,512,384
metal,50,64,445,319,metal/metal76.jpg,512,384
metal,0,14,335,349,metal/metal77.jpg,512,384
metal,120,78,283,306,metal/metal78.jpg,512,384
metal,6,114,479,270,metal/metal79.jpg,512,384
metal,121,107,147,163,metal/metal8.jpg,512,384
metal,56,5,413,359,metal/metal80.jpg,512,384
metal,43,143,469,239,metal/metal81.jpg,512,384
metal,95,71,228,233,metal/metal82.jpg,512,384
metal,12,26,495,350,metal/metal83.jpg,512,384
metal,90,3,412,376,metal/metal84.jpg,512,384
metal,25,171,475,213,metal/metal85.jpg,512,384
metal,122,44,330,340,metal/metal86.jpg,512,384
metal,144,3,368,378,metal/metal87.jpg,512,384
metal,6,44,438,340,metal/metal88.jpg,512,384
metal,13,13,499,371,metal/metal89.jpg,512,384
metal,125,112,189,170,metal/metal9.jpg,512,384
metal,143,99,294,221,metal/metal90.jpg,512,384
metal,180,104,144,125,metal/metal91.jpg,512,384
metal,161,79,181,187,metal/metal92.jpg,512,384
metal,104,80,408,304,metal/metal93.jpg,512,384
metal,0,94,482,290,metal/metal94.jpg,512,384
metal,121,0,305,266,metal/metal95.jpg,512,384
metal,108,175,314,209,metal/metal96.jpg,512,384
metal,19,0,364,341,metal/metal97.jpg,512,384
metal,88,0,278,298,metal/metal98.jpg,512,384
metal,106,38,385,346,metal/metal99.jpg,512,384
paper,96,83,282,165,paper/paper52.jpg,512,384
paper,103,55,230,260,paper/paper520.jpg,512,384
paper,77,72,319,166,paper/paper521.jpg,512,384
paper,51,0,388,347,paper/paper522.jpg,512,384
paper,126,96,226,208,paper/paper523.jpg,512,384
paper,39,46,310,312,paper/paper524.jpg,512,384
paper,17,97,371,263,paper/paper525.jpg,512,384
paper,2,12,460,372,paper/paper526.jpg,512,384
paper,13,0,416,375,paper/paper527.jpg,512,384
paper,0,10,433,362,paper/paper528.jpg,512,384
paper,43,18,456,365,paper/paper529.jpg,512,384
paper,0,7,500,377,paper/paper53.jpg,512,384
paper,94,80,324,194,paper/paper530.jpg,512,384
paper,0,0,380,359,paper/paper531.jpg,512,384
paper,35,48,430,274,paper/paper532.jpg,512,384
paper,0,12,415,372,paper/paper533.jpg,512,384
paper,42,0,380,336,paper/paper534.jpg,512,384
paper,31,23,335,305,paper/paper535.jpg,512,384
paper,88,89,273,226,paper/paper536.jpg,512,384
paper,7,29,443,355,paper/paper537.jpg,512,384
paper,121,26,235,329,paper/paper538.jpg,512,384
paper,73,36,298,298,paper/paper539.jpg,512,384
paper,79,102,374,206,paper/paper54.jpg,512,384
paper,0,18,469,354,paper/paper540.jpg,512,384
paper,5,9,498,283,paper/paper541.jpg,512,384
paper,11,29,437,346,paper/paper542.jpg,512,384
paper,53,125,402,186,paper/paper543.jpg,512,384
paper,0,14,448,342,paper/paper544.jpg,512,384
paper,92,94,208,178,paper/paper545.jpg,512,384
paper,66,15,320,339,paper/paper546.jpg,512,384
paper,49,37,375,291,paper/paper547.jpg,512,384
paper,145,103,197,154,paper/paper548.jpg,512,384
paper,95,60,320,291,paper/paper549.jpg,512,384
paper,58,39,416,305,paper/paper55.jpg,512,384
paper,152,68,188,276,paper/paper550.jpg,512,384
paper,37,62,314,223,paper/paper551.jpg,512,384
paper,165,108,224,176,paper/paper552.jpg,512,384
paper,17,10,469,327,paper/paper553.jpg,512,384
paper,116,133,269,171,paper/paper554.jpg,512,384
paper,58,28,305,315,paper/paper555.jpg,512,384
paper,24,42,482,332,paper/paper556.jpg,512,384
paper,23,54,415,269,paper/paper557.jpg,512,384
paper,84,0,402,334,paper/paper558.jpg,512,384
paper,34,7,449,349,paper/paper559.jpg,512,384
paper,2,22,463,328,paper/paper56.jpg,512,384
paper,72,72,354,226,paper/paper560.jpg,512,384
paper,49,35,410,283,paper/paper561.jpg,512,384
paper,92,5,364,350,paper/paper562.jpg,512,384
paper,11,0,473,339,paper/paper563.jpg,512,384
paper,127,98,262,187,paper/paper564.jpg,512,384
paper,14,14,446,356,paper/paper565.jpg,512,384
paper,41,13,355,291,paper/paper566.jpg,512,384
paper,133,106,164,172,paper/paper567.jpg,512,384
paper,10,7,474,355,paper/paper568.jpg,512,384
paper,85,15,373,318,paper/paper569.jpg,512,384
paper,9,166,489,198,paper/paper57.jpg,512,384
paper,48,28,304,325,paper/paper570.jpg,512,384
paper,97,98,197,191,paper/paper571.jpg,512,384
paper,52,0,386,332,paper/paper572.jpg,512,384
paper,89,93,312,248,paper/paper573.jpg,512,384
paper,21,165,472,89,paper/paper574.jpg,512,384
paper,20,34,409,326,paper/paper575.jpg,512,384
paper,131,51,242,249,paper/paper576.jpg,512,384
paper,86,65,338,300,paper/paper577.jpg,512,384
paper,30,22,372,304,paper/paper578.jpg,512,384
paper,66,16,329,341,paper/paper579.jpg,512,384
paper,63,76,286,196,paper/paper58.jpg,512,384
paper,105,5,378,324,paper/paper580.jpg,512,384
paper,2,3,487,367,paper/paper581.jpg,512,384
paper,14,54,460,228,paper/paper582.jpg,512,384
paper,124,36,198,321,paper/paper583.jpg,512,384
paper,142,33,221,316,paper/paper584.jpg,512,384
paper,44,0,399,363,paper/paper585.jpg,512,384
paper,30,13,419,338,paper/paper586.jpg,512,384
paper,57,63,393,231,paper/paper587.jpg,512,384
paper,120,107,278,219,paper/paper588.jpg,512,384
paper,151,114,228,190,paper/paper589.jpg,512,384
paper,91,19,297,315,paper/paper59.jpg,512,384
paper,95,45,314,281,paper/paper590.jpg,512,384
paper,129,62,236,260,paper/paper591.jpg,512,384
paper,47,84,387,246,paper/paper592.jpg,512,384
paper,123,50,232,271,paper/paper593.jpg,512,384
paper,97,103,187,157,paper/paper594.jpg,512,384
paper,112,9,400,366,paper/paper6.jpg,512,384
paper,66,8,367,324,paper/paper60.jpg,512,384
paper,81,2,431,374,paper/paper61.jpg,512,384
paper,152,7,160,377,paper/paper62.jpg,512,384
paper,17,26,453,295,paper/paper63.jpg,512,384
paper,50,1,420,342,paper/paper64.jpg,512,384
paper,22,59,426,284,paper/paper65.jpg,512,384
paper,3,67,500,315,paper/paper66.jpg,512,384
paper,39,0,447,268,paper/paper67.jpg,512,384
paper,2,0,468,369,paper/paper68.jpg,512,384
paper,87,39,399,335,paper/paper69.jpg,512,384
paper,71,63,428,321,paper/paper7.jpg,512,384
paper,98,26,241,350,paper/paper70.jpg,512,384
paper,129,120,192,167,paper/paper71.jpg,512,384
paper,93,11,320,341,paper/paper72.jpg,512,384
paper,0,22,461,348,paper/paper73.jpg,512,384
paper,29,17,351,321,paper/paper74.jpg,512,384
paper,110,83,212,213,paper/paper75.jpg,512,384
paper,38,4,339,362,paper/paper76.jpg,512,384
paper,12,88,421,250,paper/paper77.jpg,512,384
paper,65,41,302,318,paper/paper78.jpg,512,384
paper,39,47,397,253,paper/paper79.jpg,512,384
paper,0,1,321,376,paper/paper8.jpg,512,384
paper,66,5,429,361,paper/paper80.jpg,512,384
paper,13,9,483,365,paper/paper81.jpg,512,384
paper,4,9,499,365,paper/paper82.jpg,512,384
paper,7,6,477,377,paper/paper83.jpg,512,384
paper,5,59,442,316,paper/paper84.jpg,512,384
paper,11,74,500,306,paper/paper85.jpg,512,384
paper,4,0,450,371,paper/paper86.jpg,512,384
paper,7,74,464,270,paper/paper87.jpg,512,384
paper,0,0,457,362,paper/paper88.jpg,512,384
paper,16,52,435,328,paper/paper89.jpg,512,384
paper,7,3,495,376,paper/paper9.jpg,512,384
paper,5,10,506,374,paper/paper90.jpg,512,384
paper,22,67,433,281,paper/paper91.jpg,512,384
paper,21,0,394,338,paper/paper92.jpg,512,384
paper,39,7,398,369,paper/paper93.jpg,512,384
paper,17,63,398,313,paper/paper94.jpg,512,384
paper,29,148,483,236,paper/paper95.jpg,512,384
paper,87,58,347,273,paper/paper96.jpg,512,384
paper,15,0,388,381,paper/paper97.jpg,512,384
paper,116,104,272,206,paper/paper98.jpg,512,384
paper,31,38,453,346,paper/paper99.jpg,512,384
plastic,195,12,214,273,plastic/plastic419.jpg,512,384
plastic,155,74,341,246,plastic/plastic42.jpg,512,384
plastic,340,131,131,242,plastic/plastic420.jpg,512,384
plastic,122,119,256,144,plastic/plastic421.jpg,512,384
plastic,59,169,453,201,plastic/plastic422.jpg,512,384
plastic,84,27,306,235,plastic/plastic423.jpg,512,384
plastic,35,51,458,319,plastic/plastic424.jpg,512,384
plastic,148,87,249,218,plastic/plastic425.jpg,512,384
plastic,158,108,224,212,plastic/plastic426.jpg,512,384
plastic,147,102,211,208,plastic/plastic427.jpg,512,384
plastic,136,112,225,163,plastic/plastic428.jpg,512,384
plastic,45,56,444,259,plastic/plastic429.jpg,512,384
plastic,247,122,148,160,plastic/plastic43.jpg,512,384
plastic,172,95,327,278,plastic/plastic430.jpg,512,384
plastic,149,142,275,134,plastic/plastic431.jpg,512,384
plastic,180,161,266,219,plastic/plastic432.jpg,512,384
plastic,160,106,213,177,plastic/plastic433.jpg,512,384
plastic,63,28,275,206,plastic/plastic434.jpg,512,384
plastic,136,41,244,253,plastic/plastic435.jpg,512,384
plastic,29,64,429,269,plastic/plastic436.jpg,512,384
plastic,38,159,430,193,plastic/plastic437.jpg,512,384
plastic,190,96,320,240,plastic/plastic438.jpg,512,384
plastic,216,169,157,189,plastic/plastic439.jpg,512,384
plastic,168,34,234,283,plastic/plastic44.jpg,512,384
plastic,176,120,313,227,plastic/plastic440.jpg,512,384
plastic,97,61,253,247,plastic/plastic441.jpg,512,384
plastic,28,6,416,212,plastic/plastic442.jpg,512,384
plastic,135,24,295,293,plastic/plastic443.jpg,512,384
plastic,234,99,226,267,plastic/plastic444.jpg,512,384
plastic,157,175,248,194,plastic/plastic445.jpg,512,384
plastic,101,1,310,297,plastic/plastic446.jpg,512,384
plastic,121,99,290,131,plastic/plastic447.jpg,512,384
plastic,123,178,249,77,plastic/plastic448.jpg,512,384
plastic,170,138,210,175,plastic/plastic449.jpg,512,384
plastic,193,192,239,175,plastic/plastic45.jpg,512,384
plastic,87,168,334,103,plastic/plastic450.jpg,512,384
plastic,139,117,244,177,plastic/plastic451.jpg,512,384
plastic,217,164,161,98,plastic/plastic452.jpg,512,384
plastic,108,124,224,183,plastic/plastic453.jpg,512,384
plastic,93,130,217,117,plastic/plastic454.jpg,512,384
plastic,131,52,258,304,plastic/plastic455.jpg,512,384
plastic,74,115,273,224,plastic/plastic456.jpg,512,384
plastic,224,16,210,336,plastic/plastic457.jpg,512,384
plastic,131,128,200,127,plastic/plastic458.jpg,512,384
plastic,138,81,177,256,plastic/plastic459.jpg,512,384
plastic,124,129,378,244,plastic/plastic46.jpg,512,384
plastic,54,128,224,240,plastic/plastic460.jpg,512,384
plastic,128,129,139,216,plastic/plastic461.jpg,512,384
plastic,152,144,168,143,plastic/plastic462.jpg,512,384
plastic,188,209,156,149,plastic/plastic463.jpg,512,384
plastic,131,58,254,269,plastic/plastic464.jpg,512,384
plastic,150,0,256,294,plastic/plastic465.jpg,512,384
plastic,132,143,180,179,plastic/plastic466.jpg,512,384
plastic,178,23,176,165,plastic/plastic467.jpg,512,384
plastic,66,95,408,174,plastic/plastic468.jpg,512,384
plastic,12,113,286,218,plastic/plastic469.jpg,512,384
plastic,119,124,272,102,plastic/plastic47.jpg,512,384
plastic,94,68,257,238,plastic/plastic470.jpg,512,384
plastic,73,54,303,277,plastic/plastic471.jpg,512,384
plastic,48,117,374,229,plastic/plastic472.jpg,512,384
plastic,214,44,191,319,plastic/plastic473.jpg,512,384
plastic,161,320,339,64,plastic/plastic474.jpg,512,384
plastic,104,118,107,266,plastic/plastic475.jpg,512,384
plastic,192,112,101,187,plastic/plastic476.jpg,512,384
plastic,116,87,243,189,plastic/plastic477.jpg,512,384
plastic,156,61,205,258,plastic/plastic478.jpg,512,384
plastic,194,58,151,256,plastic/plastic479.jpg,512,384
plastic,278,28,230,314,plastic/plastic48.jpg,512,384
plastic,203,159,206,225,plastic/plastic480.jpg,512,384
plastic,214,177,146,67,plastic/plastic481.jpg,512,384
plastic,209,157,102,122,plastic/plastic482.jpg,512,384
plastic,56,141,353,106,plastic/plastic49.jpg,512,384
plastic,186,90,110,196,plastic/plastic5.jpg,512,384
plastic,109,38,297,277,plastic/plastic50.jpg,512,384
plastic,79,130,245,254,plastic/plastic51.jpg,512,384
plastic,155,105,208,184,plastic/plastic52.jpg,512,384
plastic,73,54,361,330,plastic/plastic53.jpg,512,384
plastic,33,7,451,373,plastic/plastic54.jpg,512,384
plastic,26,31,334,347,plastic/plastic55.jpg,512,384
plastic,115,19,304,318,plastic/plastic56.jpg,512,384
plastic,211,126,261,258,plastic/plastic57.jpg,512,384
plastic,248,135,175,249,plastic/plastic58.jpg,512,384
plastic,83,0,301,301,plastic/plastic59.jpg,512,384
plastic,113,44,189,289,plastic/plastic6.jpg,512,384
plastic,61,143,324,130,plastic/plastic60.jpg,512,384
plastic,168,92,234,221,plastic/plastic61.jpg,512,384
plastic,132,28,256,347,plastic/plastic62.jpg,512,384
plastic,126,90,275,268,plastic/plastic63.jpg,512,384
plastic,74,53,332,237,plastic/plastic64.jpg,512,384
plastic,102,137,230,247,plastic/plastic65.jpg,512,384
plastic,83,0,429,309,plastic/plastic66.jpg,512,384
plastic,42,64,441,320,plastic/plastic67.jpg,512,384
plastic,132,0,380,284,plastic/plastic68.jpg,512,384
plastic,32,42,430,228,plastic/plastic69.jpg,512,384
plastic,51,94,254,194,plastic/plastic7.jpg,512,384
plastic,15,161,381,209,plastic/plastic70.jpg,512,384
plastic,41,80,405,204,plastic/plastic71.jpg,512,384
plastic,139,42,266,254,plastic/plastic72.jpg,512,384
plastic,151,44,221,330,plastic/plastic73.jpg,512,384
plastic,163,20,268,326,plastic/plastic74.jpg,512,384
plastic,162,23,258,246,plastic/plastic75.jpg,512,384
plastic,182,112,201,191,plastic/plastic76.jpg,512,384
plastic,152,67,288,240,plastic/plastic77.jpg,512,384
plastic,79,90,399,266,plastic/plastic78.jpg,512,384
plastic,22,13,401,335,plastic/plastic79.jpg,512,384
plastic,177,80,191,235,plastic/plastic8.jpg,512,384
plastic,122,86,312,201,plastic/plastic80.jpg,512,384
plastic,8,63,347,304,plastic/plastic81.jpg,512,384
plastic,96,11,390,300,plastic/plastic82.jpg,512,384
plastic,194,10,307,253,plastic/plastic83.jpg,512,384
plastic,224,21,272,333,plastic/plastic84.jpg,512,384
plastic,220,54,239,233,plastic/plastic85.jpg,512,384
plastic,12,115,495,260,plastic/plastic86.jpg,512,384
plastic,38,7,428,278,plastic/plastic87.jpg,512,384
plastic,111,25,357,340,plastic/plastic88.jpg,512,384
plastic,91,113,403,241,plastic/plastic89.jpg,512,384
plastic,158,128,157,111,plastic/plastic9.jpg,512,384
plastic,172,76,220,231,plastic/plastic90.jpg,512,384
plastic,203,104,213,265,plastic/plastic91.jpg,512,384
plastic,33,98,472,257,plastic/plastic92.jpg,512,384
plastic,129,104,264,277,plastic/plastic93.jpg,512,384
plastic,61,128,371,162,plastic/plastic94.jpg,512,384
plastic,37,74,451,240,plastic/plastic95.jpg,512,384
plastic,133,100,291,186,plastic/plastic96.jpg,512,384
plastic,71,67,260,243,plastic/plastic97.jpg,512,384
plastic,131,63,229,227,plastic/plastic98.jpg,512,384
plastic,47,47,281,227,plastic/plastic99.jpg,512,384
trash,144,44,285,300,trash/trash1.jpg,512,384
trash,129,80,308,189,trash/trash2.jpg,512,384
trash,48,19,437,326,trash/trash3.jpg,512,384
trash,119,97,318,253,trash/trash4.jpg,512,384
trash,102,25,284,304,trash/trash5.jpg,512,384
trash,190,112,198,191,trash/trash6.jpg,512,384
trash,218,130,136,130,trash/trash7.jpg,512,384
trash,105,77,347,252,trash/trash8.jpg,512,384
trash,145,85,238,186,trash/trash9.jpg,512,384
trash,167,69,154,211,trash/trash10.jpg,512,384
trash,10,12,495,355,trash/trash11.jpg,512,384
trash,206,97,215,234,trash/trash12.jpg,512,384
trash,214,14,181,272,trash/trash13.jpg,512,384
trash,34,57,454,307,trash/trash14.jpg,512,384
trash,140,81,249,189,trash/trash15.jpg,512,384
trash,109,45,344,315,trash/trash16.jpg,512,384
trash,43,68,387,290,trash/trash17.jpg,512,384
trash,26,30,385,330,trash/trash18.jpg,512,384
trash,196,77,190,202,trash/trash19.jpg,512,384
trash,157,103,323,265,trash/trash20.jpg,512,384
trash,75,82,321,138,trash/trash21.jpg,512,384
trash,157,61,222,243,trash/trash22.jpg,512,384
trash,99,43,333,293,trash/trash23.jpg,512,384
trash,169,53,279,320,trash/trash24.jpg,512,384
trash,172,36,195,320,trash/trash25.jpg,512,384
trash,196,133,228,193,trash/trash26.jpg,512,384
trash,126,163,310,104,trash/trash27.jpg,512,384
trash,136,96,301,223,trash/trash28.jpg,512,384
trash,73,40,370,280,trash/trash29.jpg,512,384
trash,173,20,258,278,trash/trash30.jpg,512,384
trash,106,64,336,227,trash/trash31.jpg,512,384
trash,137,61,188,222,trash/trash32.jpg,512,384
trash,74,45,398,258,trash/trash33.jpg,512,384
trash,134,70,242,221,trash/trash34.jpg,512,384
trash,163,53,254,228,trash/trash35.jpg,512,384
trash,152,58,263,259,trash/trash36.jpg,512,384
trash,131,63,274,253,trash/trash37.jpg,512,384
trash,210,77,170,225,trash/trash38.jpg,512,384
trash,143,94,256,215,trash/trash39.jpg,512,384
trash,183,103,208,202,trash/trash40.jpg,512,384
trash,145,79,234,230,trash/trash41.jpg,512,384
trash,116,35,342,332,trash/trash42.jpg,512,384
trash,127,138,238,126,trash/trash43.jpg,512,384
trash,162,61,213,260,trash/trash44.jpg,512,384
trash,106,112,330,214,trash/trash45.jpg,512,384
trash,24,31,395,299,trash/trash46.jpg,512,384
trash,90,51,289,317,trash/trash47.jpg,512,384
trash,189,97,191,208,trash/trash48.jpg,512,384
trash,170,50,231,303,trash/trash49.jpg,512,384
trash,171,119,266,238,trash/trash50.jpg,512,384
trash,228,44,150,319,trash/trash51.jpg,512,384
trash,20,36,475,323,trash/trash52.jpg,512,384
trash,89,110,194,218,trash/trash53.jpg,512,384
trash,25,28,452,320,trash/trash54.jpg,512,384
trash,176,76,200,183,trash/trash55.jpg,512,384
trash,113,29,285,330,trash/trash56.jpg,512,384
trash,107,85,237,202,trash/trash57.jpg,512,384
trash,93,20,398,347,trash/trash58.jpg,512,384
trash,93,42,290,301,trash/trash59.jpg,512,384
trash,127,45,234,257,trash/trash60.jpg,512,384
trash,88,9,367,375,trash/trash61.jpg,512,384
trash,160,96,181,188,trash/trash62.jpg,512,384
trash,155,73,240,244,trash/trash63.jpg,512,384
trash,219,38,207,292,trash/trash64.jpg,512,384
trash,48,12,441,348,trash/trash65.jpg,512,384
trash,44,29,415,317,trash/trash66.jpg,512,384
trash,19,11,467,356,trash/trash67.jpg,512,384
trash,192,84,189,242,trash/trash68.jpg,512,384
trash,83,32,278,291,trash/trash69.jpg,512,384
trash,10,15,471,355,trash/trash70.jpg,512,384
trash,158,58,215,272,trash/trash71.jpg,512,384
trash,114,96,301,240,trash/trash72.jpg,512,384
trash,131,25,215,348,trash/trash73.jpg,512,384
trash,142,58,335,257,trash/trash74.jpg,512,384
trash,180,93,182,207,trash/trash75.jpg,512,384
trash,86,7,374,337,trash/trash76.jpg,512,384
trash,191,47,262,248,trash/trash77.jpg,512,384
trash,73,122,362,174,trash/trash78.jpg,512,384
trash,142,109,229,191,trash/trash79.jpg,512,384
trash,170,75,205,213,trash/trash80.jpg,512,384
trash,144,41,252,313,trash/trash81.jpg,512,384
trash,49,9,291,362,trash/trash82.jpg,512,384
trash,147,64,259,229,trash/trash83.jpg,512,384
trash,48,34,386,315,trash/trash84.jpg,512,384
trash,161,102,237,214,trash/trash85.jpg,512,384
trash,98,38,209,311,trash/trash86.jpg,512,384
trash,409,75,103,259,trash/trash86.jpg,512,384
trash,93,46,288,308,trash/trash87.jpg,512,384
trash,68,14,344,309,trash/trash88.jpg,512,384
trash,124,22,272,330,trash/trash89.jpg,512,384
trash,76,30,270,286,trash/trash90.jpg,512,384
trash,16,26,443,309,trash/trash91.jpg,512,384
trash,10,98,418,277,trash/trash92.jpg,512,384
trash,189,11,309,364,trash/trash93.jpg,512,384
trash,186,83,195,215,trash/trash94.jpg,512,384
trash,187,113,138,166,trash/trash95.jpg,512,384
trash,75,83,419,268,trash/trash96.jpg,512,384
trash,155,93,238,255,trash/trash97.jpg,512,384
trash,111,84,310,236,trash/trash98.jpg,512,384
trash,166,46,170,260,trash/trash99.jpg,512,384
trash,71,64,412,270,trash/trash100.jpg,512,384
trash,209,92,201,160,trash/trash101.jpg,512,384
trash,134,17,314,339,trash/trash102.jpg,512,384
trash,165,16,253,346,trash/trash103.jpg,512,384
trash,184,92,170,202,trash/trash104.jpg,512,384
trash,107,85,299,186,trash/trash105.jpg,512,384
trash,44,9,368,364,trash/trash106.jpg,512,384
trash,190,44,291,304,trash/trash107.jpg,512,384
trash,3,39,176,323,trash/trash107.jpg,512,384
trash,94,77,333,285,trash/trash108.jpg,512,384
trash,113,75,211,254,trash/trash109.jpg,512,384
trash,138,128,330,216,trash/trash110.jpg,512,384
trash,59,94,265,222,trash/trash111.jpg,512,384
trash,121,63,288,275,trash/trash112.jpg,512,384
trash,93,64,271,281,trash/trash113.jpg,512,384
trash,126,62,157,239,trash/trash114.jpg,512,384
trash,219,50,182,234,trash/trash115.jpg,512,384
trash,122,63,270,233,trash/trash116.jpg,512,384
trash,71,106,328,180,trash/trash117.jpg,512,384
trash,117,52,299,263,trash/trash118.jpg,512,384
trash,112,89,200,217,trash/trash119.jpg,512,384
trash,97,112,214,169,trash/trash120.jpg,512,384
trash,170,131,135,178,trash/trash121.jpg,512,384
trash,264,123,110,124,trash/trash122.jpg,512,384
trash,186,63,189,252,trash/trash123.jpg,512,384
trash,121,73,248,263,trash/trash124.jpg,512,384
trash,167,116,180,166,trash/trash125.jpg,512,384
trash,169,105,166,194,trash/trash126.jpg,512,384
trash,136,171,159,76,trash/trash127.jpg,512,384
trash,188,163,134,130,trash/trash128.jpg,512,384
trash,114,102,321,202,trash/trash129.jpg,512,384
trash,210,23,115,328,trash/trash130.jpg,512,384
trash,187,32,125,324,trash/trash131.jpg,512,384
trash,173,99,139,167,trash/trash132.jpg,512,384
trash,199,155,142,104,trash/trash133.jpg,512,384
trash,125,120,357,229,trash/trash134.jpg,512,384
trash,46,67,386,272,trash/trash135.jpg,512,384
trash,73,99,275,244,trash/trash136.jpg,512,384
trash,162,103,253,208,trash/trash137.jpg,512,384
glass,195,160,251,167,glass/glass1.jpg,512,384
glass,67,90,238,187,glass/glass2.jpg,512,384
glass,138,105,147,149,glass/glass3.jpg,512,384
glass,112,112,225,170,glass/glass4.jpg,512,384
glass,148,139,113,114,glass/glass5.jpg,512,384
glass,181,47,157,250,glass/glass6.jpg,512,384
glass,157,29,297,349,glass/glass7.jpg,512,384
glass,148,116,241,262,glass/glass8.jpg,512,384
glass,83,47,301,284,glass/glass9.jpg,512,384
glass,52,238,445,146,glass/glass10.jpg,512,384
glass,64,56,380,256,glass/glass11.jpg,512,384
glass,31,68,315,170,glass/glass12.jpg,512,384
glass,69,86,245,221,glass/glass13.jpg,512,384
glass,152,111,203,157,glass/glass14.jpg,512,384
glass,86,100,250,216,glass/glass15.jpg,512,384
glass,72,34,231,182,glass/glass16.jpg,512,384
glass,22,74,471,240,glass/glass17.jpg,512,384
glass,19,144,467,183,glass/glass18.jpg,512,384
glass,10,91,470,259,glass/glass19.jpg,512,384
glass,125,10,314,361,glass/glass20.jpg,512,384
glass,29,41,429,318,glass/glass21.jpg,512,384
glass,188,115,184,249,glass/glass22.jpg,512,384
glass,61,18,447,351,glass/glass23.jpg,512,384
glass,157,126,170,132,glass/glass24.jpg,512,384
glass,106,143,340,229,glass/glass25.jpg,512,384
glass,39,76,397,248,glass/glass26.jpg,512,384
glass,135,29,290,336,glass/glass27.jpg,512,384
glass,111,11,319,327,glass/glass28.jpg,512,384
glass,162,10,279,360,glass/glass29.jpg,512,384
glass,189,77,200,304,glass/glass30.jpg,512,384
glass,29,24,297,332,glass/glass31.jpg,512,384
glass,146,89,342,266,glass/glass32.jpg,512,384
glass,89,16,402,355,glass/glass33.jpg,512,384
glass,28,47,387,269,glass/glass34.jpg,512,384
glass,29,14,405,330,glass/glass35.jpg,512,384
glass,164,108,305,259,glass/glass36.jpg,512,384
glass,22,96,455,152,glass/glass37.jpg,512,384
glass,72,119,388,231,glass/glass38.jpg,512,384
glass,73,80,403,217,glass/glass39.jpg,512,384
glass,46,16,419,349,glass/glass40.jpg,512,384
glass,170,77,214,262,glass/glass41.jpg,512,384
glass,45,30,344,298,glass/glass42.jpg,512,384
glass,62,42,362,317,glass/glass43.jpg,512,384
glass,18,83,451,171,glass/glass44.jpg,512,384
glass,123,61,387,300,glass/glass45.jpg,512,384
glass,31,82,411,239,glass/glass46.jpg,512,384
glass,106,126,266,158,glass/glass47.jpg,512,384
glass,129,142,216,187,glass/glass48.jpg,512,384
glass,130,0,339,372,glass/glass49.jpg,512,384
glass,0,0,426,304,glass/glass50.jpg,512,384
glass,167,111,267,273,glass/glass51.jpg,512,384
glass,0,50,386,316,glass/glass52.jpg,512,384
glass,223,124,240,260,glass/glass53.jpg,512,384
glass,169,0,336,379,glass/glass54.jpg,512,384
glass,0,0,417,329,glass/glass55.jpg,512,384
glass,176,7,311,377,glass/glass56.jpg,512,384
glass,179,30,333,354,glass/glass57.jpg,512,384
glass,138,0,278,369,glass/glass58.jpg,512,384
glass,150,78,362,306,glass/glass59.jpg,512,384
glass,150,0,362,297,glass/glass60.jpg,512,384
glass,124,15,388,369,glass/glass61.jpg,512,384
glass,14,1,490,377,glass/glass62.jpg,512,384
glass,161,37,246,347,glass/glass63.jpg,512,384
glass,112,80,294,304,glass/glass64.jpg,512,384
glass,60,18,452,366,glass/glass65.jpg,512,384
glass,0,54,429,302,glass/glass66.jpg,512,384
glass,22,72,490,312,glass/glass67.jpg,512,384
glass,74,0,426,382,glass/glass68.jpg,512,384
glass,21,106,349,171,glass/glass69.jpg,512,384
glass,0,101,499,283,glass/glass70.jpg,512,384
glass,180,8,192,342,glass/glass71.jpg,512,384
glass,118,54,394,330,glass/glass72.jpg,512,384
glass,138,70,374,277,glass/glass73.jpg,512,384
glass,170,117,126,125,glass/glass74.jpg,512,384
glass,31,87,394,208,glass/glass75.jpg,512,384
glass,181,50,240,240,glass/glass76.jpg,512,384
glass,88,0,424,337,glass/glass77.jpg,512,384
glass,9,57,503,166,glass/glass78.jpg,512,384
glass,189,0,240,345,glass/glass79.jpg,512,384
glass,0,0,446,330,glass/glass80.jpg,512,384
glass,41,83,431,207,glass/glass81.jpg,512,384
glass,183,0,236,339,glass/glass82.jpg,512,384
glass,23,42,489,161,glass/glass83.jpg,512,384
glass,131,48,347,283,glass/glass84.jpg,512,384
glass,14,9,485,361,glass/glass85.jpg,512,384
glass,109,93,403,291,glass/glass86.jpg,512,384
glass,131,102,344,219,glass/glass87.jpg,512,384
glass,35,79,402,154,glass/glass88.jpg,512,384
glass,90,49,340,291,glass/glass89.jpg,512,384
glass,121,0,253,358,glass/glass90.jpg,512,384
glass,220,86,292,298,glass/glass91.jpg,512,384
glass,112,52,266,267,glass/glass92.jpg,512,384
glass,0,28,502,195,glass/glass93.jpg,512,384
glass,225,148,176,236,glass/glass94.jpg,512,384
glass,21,125,385,144,glass/glass95.jpg,512,384
glass,130,34,243,350,glass/glass96.jpg,512,384
glass,248,0,264,383,glass/glass97.jpg,512,384
glass,99,0,323,380,glass/glass98.jpg,512,384
glass,106,33,406,351,glass/glass99.jpg,512,384
glass,16,79,475,255,glass/glass100.jpg,512,384
glass,163,8,272,376,glass/glass101.jpg,512,384
glass,47,66,398,203,glass/glass102.jpg,512,384
glass,167,10,286,374,glass/glass103.jpg,512,384
glass,0,29,491,206,glass/glass104.jpg,512,384
glass,141,63,282,321,glass/glass105.jpg,512,384
glass,141,0,216,363,glass/glass106.jpg,512,384
glass,170,11,289,373,glass/glass107.jpg,512,384
glass,117,84,265,230,glass/glass108.jpg,512,384
glass,112,0,400,366,glass/glass109.jpg,512,384
glass,82,46,299,336,glass/glass110.jpg,512,384
glass,99,51,346,278,glass/glass111.jpg,512,384
glass,45,152,424,232,glass/glass112.jpg,512,384
glass,39,125,427,133,glass/glass113.jpg,512,384
glass,118,25,394,359,glass/glass114.jpg,512,384
glass,165,99,170,133,glass/glass115.jpg,512,384
glass,0,96,394,209,glass/glass116.jpg,512,384
glass,68,0,444,338,glass/glass117.jpg,512,384
glass,5,30,507,226,glass/glass118.jpg,512,384
glass,58,16,302,355,glass/glass119.jpg,512,384
glass,244,86,268,298,glass/glass120.jpg,512,384
glass,20,40,492,234,glass/glass121.jpg,512,384
glass,0,8,357,359,glass/glass122.jpg,512,384
glass,45,0,409,284,glass/glass123.jpg,512,384
glass,0,58,469,279,glass/glass124.jpg,512,384
glass,21,117,491,187,glass/glass125.jpg,512,384
glass,159,9,341,355,glass/glass126.jpg,512,384
glass,212,112,117,126,glass/glass127.jpg,512,384
glass,16,43,496,203,glass/glass128.jpg,512,384
glass,165,0,347,378,glass/glass129.jpg,512,384
glass,113,48,399,257,glass/glass130.jpg,512,384
glass,145,0,297,324,glass/glass131.jpg,512,384
glass,163,114,163,144,glass/glass132.jpg,512,384
glass,151,39,358,345,glass/glass133.jpg,512,384
glass,119,140,393,244,glass/glass134.jpg,512,384
glass,93,58,325,223,glass/glass135.jpg,512,384
glass,176,54,204,330,glass/glass136.jpg,512,384
glass,0,110,408,202,glass/glass137.jpg,512,384
glass,61,53,307,331,glass/glass138.jpg,512,384
glass,29,12,469,367,glass/glass139.jpg,512,384
glass,103,94,241,174,glass/glass140.jpg,512,384
glass,0,4,343,344,glass/glass141.jpg,512,384
glass,67,7,371,377,glass/glass142.jpg,512,384
glass,7,87,505,258,glass/glass143.jpg,512,384
glass,129,39,248,313,glass/glass144.jpg,512,384
glass,16,96,496,259,glass/glass145.jpg,512,384
glass,158,0,244,373,glass/glass146.jpg,512,384
glass,88,47,243,189,glass/glass147.jpg,512,384
glass,17,67,447,317,glass/glass148.jpg,512,384
glass,9,61,503,148,glass/glass149.jpg,512,384
glass,34,25,357,320,glass/glass150.jpg,512,384
glass,15,72,492,282,glass/glass151.jpg,512,384
glass,34,91,458,183,glass/glass152.jpg,512,384
glass,110,24,298,290,glass/glass153.jpg,512,384
glass,204,5,288,369,glass/glass154.jpg,512,384
glass,64,93,448,252,glass/glass155.jpg,512,384
glass,17,9,480,368,glass/glass156.jpg,512,384
glass,0,20,416,330,glass/glass157.jpg,512,384
glass,155,79,312,305,glass/glass158.jpg,512,384
glass,148,47,261,337,glass/glass159.jpg,512,384
glass,124,61,301,276,glass/glass160.jpg,512,384
glass,69,104,359,150,glass/glass161.jpg,512,384
glass,86,61,368,323,glass/glass162.jpg,512,384
glass,0,14,332,343,glass/glass163.jpg,512,384
glass,141,13,371,371,glass/glass164.jpg,512,384
glass,0,0,450,263,glass/glass165.jpg,512,384
glass,38,135,377,143,glass/glass166.jpg,512,384
glass,17,45,345,325,glass/glass167.jpg,512,384
glass,166,52,277,257,glass/glass168.jpg,512,384
glass,130,35,318,299,glass/glass169.jpg,512,384
glass,103,65,266,243,glass/glass170.jpg,512,384
glass,92,73,335,233,glass/glass171.jpg,512,384
glass,144,94,350,202,glass/glass172.jpg,512,384
glass,141,121,243,225,glass/glass173.jpg,512,384
glass,2,11,438,373,glass/glass174.jpg,512,384
glass,147,129,175,173,glass/glass175.jpg,512,384
glass,0,0,506,311,glass/glass176.jpg,512,384
glass,0,92,489,249,glass/glass177.jpg,512,384
glass,99,111,239,130,glass/glass178.jpg,512,384
glass,0,101,436,283,glass/glass179.jpg,512,384
glass,42,110,234,190,glass/glass180.jpg,512,384
glass,9,174,477,150,glass/glass181.jpg,512,384
glass,147,78,153,178,glass/glass182.jpg,512,384
glass,121,106,171,150,glass/glass183.jpg,512,384
glass,158,0,354,310,glass/glass184.jpg,512,384
glass,30,49,461,296,glass/glass185.jpg,512,384
glass,82,22,372,362,glass/glass186.jpg,512,384
glass,67,92,240,173,glass/glass187.jpg,512,384
glass,118,54,172,244,glass/glass188.jpg,512,384
glass,204,0,308,315,glass/glass189.jpg,512,384
glass,0,100,419,284,glass/glass190.jpg,512,384
glass,101,95,187,162,glass/glass191.jpg,512,384
glass,30,0,482,344,glass/glass192.jpg,512,384
glass,127,79,226,184,glass/glass193.jpg,512,384
glass,68,101,264,153,glass/glass194.jpg,512,384
glass,69,26,340,345,glass/glass195.jpg,512,384
glass,139,14,240,328,glass/glass196.jpg,512,384
glass,205,113,214,271,glass/glass197.jpg,512,384
glass,108,22,291,347,glass/glass198.jpg,512,384
glass,11,0,467,358,glass/glass199.jpg,512,384
glass,50,0,462,364,glass/glass200.jpg,512,384
glass,58,118,442,266,glass/glass201.jpg,512,384
glass,112,48,282,267,glass/glass202.jpg,512,384
glass,115,106,282,182,glass/glass203.jpg,512,384
glass,67,115,244,166,glass/glass204.jpg,512,384
glass,80,32,189,309,glass/glass205.jpg,512,384
glass,68,74,362,261,glass/glass206.jpg,512,384
glass,81,99,310,189,glass/glass207.jpg,512,384
glass,34,44,406,248,glass/glass208.jpg,512,384
glass,42,80,270,190,glass/glass209.jpg,512,384
glass,98,70,273,238,glass/glass210.jpg,512,384
glass,63,83,278,167,glass/glass211.jpg,512,384
glass,131,131,205,170,glass/glass212.jpg,512,384
glass,215,156,103,123,glass/glass213.jpg,512,384
glass,192,57,144,279,glass/glass214.jpg,512,384
glass,126,62,248,229,glass/glass215.jpg,512,384
glass,54,115,304,134,glass/glass216.jpg,512,384
glass,83,88,241,189,glass/glass217.jpg,512,384
glass,85,76,359,206,glass/glass218.jpg,512,384
glass,59,0,377,373,glass/glass219.jpg,512,384
glass,46,120,246,130,glass/glass220.jpg,512,384
glass,182,20,171,324,glass/glass221.jpg,512,384
glass,158,133,210,178,glass/glass222.jpg,512,384
glass,144,142,177,149,glass/glass223.jpg,512,384
glass,24,129,314,144,glass/glass224.jpg,512,384
glass,85,93,330,185,glass/glass225.jpg,512,384
glass,139,145,340,239,glass/glass226.jpg,512,384
glass,82,131,265,183,glass/glass227.jpg,512,384
glass,209,116,118,126,glass/glass228.jpg,512,384
glass,74,112,390,200,glass/glass229.jpg,512,384
glass,84,110,273,161,glass/glass230.jpg,512,384
glass,86,33,196,351,glass/glass231.jpg,512,384
glass,93,62,351,278,glass/glass232.jpg,512,384
glass,171,0,278,227,glass/glass233.jpg,512,384
glass,0,145,253,171,glass/glass234.jpg,512,384
glass,126,125,227,259,glass/glass235.jpg,512,384
glass,99,89,247,209,glass/glass236.jpg,512,384
glass,42,130,277,115,glass/glass237.jpg,512,384
glass,108,0,179,240,glass/glass238.jpg,512,384
glass,219,153,293,129,glass/glass239.jpg,512,384
glass,262,115,250,269,glass/glass240.jpg,512,384
glass,94,176,214,208,glass/glass241.jpg,512,384
glass,227,104,285,170,glass/glass242.jpg,512,384
glass,188,15,283,369,glass/glass243.jpg,512,384
glass,0,102,404,187,glass/glass244.jpg,512,384
glass,48,43,387,288,glass/glass245.jpg,512,384
glass,30,157,278,165,glass/glass246.jpg,512,384
glass,0,100,374,245,glass/glass247.jpg,512,384
glass,35,94,440,190,glass/glass248.jpg,512,384
glass,40,144,393,215,glass/glass249.jpg,512,384
glass,66,113,341,183,glass/glass250.jpg,512,384
glass,50,70,332,232,glass/glass251.jpg,512,384
glass,168,162,177,222,glass/glass252.jpg,512,384
glass,176,125,240,259,glass/glass253.jpg,512,384
glass,25,269,467,115,glass/glass254.jpg,512,384
glass,25,19,457,181,glass/glass255.jpg,512,384
glass,7,221,423,163,glass/glass256.jpg,512,384
glass,218,63,122,222,glass/glass257.jpg,512,384
glass,0,128,392,256,glass/glass258.jpg,512,384
glass,74,157,299,180,glass/glass259.jpg,512,384
glass,125,118,378,243,glass/glass260.jpg,512,384
glass,96,93,373,291,glass/glass261.jpg,512,384
glass,209,172,191,212,glass/glass262.jpg,512,384
glass,0,156,295,195,glass/glass263.jpg,512,384
glass,107,66,387,300,glass/glass264.jpg,512,384
glass,105,71,332,313,glass/glass265.jpg,512,384
glass,0,159,304,225,glass/glass266.jpg,512,384
glass,30,40,472,202,glass/glass267.jpg,512,384
glass,0,10,403,323,glass/glass268.jpg,512,384
glass,0,56,498,204,glass/glass269.jpg,512,384
glass,125,0,247,351,glass/glass270.jpg,512,384
glass,124,10,247,362,glass/glass271.jpg,512,384
glass,0,106,471,158,glass/glass272.jpg,512,384
glass,118,15,254,367,glass/glass273.jpg,512,384
glass,0,70,408,249,glass/glass274.jpg,512,384
glass,217,0,236,360,glass/glass275.jpg,512,384
glass,183,145,207,239,glass/glass276.jpg,512,384
glass,78,95,434,195,glass/glass277.jpg,512,384
glass,177,138,320,219,glass/glass278.jpg,512,384
glass,50,30,188,299,glass/glass278.jpg,512,384
glass,242,16,102,94,glass/glass278.jpg,512,384
glass,278,19,230,139,glass/glass278.jpg,512,384
glass,74,26,432,260,glass/glass279.jpg,512,384
glass,29,30,308,354,glass/glass280.jpg,512,384
glass,212,125,147,150,glass/glass281.jpg,512,384
glass,120,59,273,251,glass/glass282.jpg,512,384
glass,190,89,265,279,glass/glass283.jpg,512,384
glass,170,137,341,234,glass/glass284.jpg,512,384
glass,161,202,311,182,glass/glass285.jpg,512,384
glass,193,71,173,294,glass/glass286.jpg,512,384
glass,0,169,381,215,glass/glass287.jpg,512,384
glass,158,77,183,186,glass/glass288.jpg,512,384
glass,147,80,253,282,glass/glass289.jpg,512,384
glass,19,14,330,355,glass/glass290.jpg,512,384
glass,235,15,253,356,glass/glass291.jpg,512,384
glass,214,66,261,318,glass/glass292.jpg,512,384
glass,106,61,400,309,glass/glass293.jpg,512,384
glass,62,55,310,247,glass/glass294.jpg,512,384
glass,99,87,260,244,glass/glass295.jpg,512,384
glass,54,74,377,310,glass/glass296.jpg,512,384
glass,71,66,259,238,glass/glass297.jpg,512,384
glass,104,0,301,192,glass/glass298.jpg,512,384
glass,72,44,440,164,glass/glass299.jpg,512,384
glass,181,32,233,352,glass/glass300.jpg,512,384
glass,0,39,494,219,glass/glass301.jpg,512,384
glass,77,10,330,316,glass/glass302.jpg,512,384
glass,22,101,490,197,glass/glass303.jpg,512,384
glass,187,110,182,149,glass/glass304.jpg,512,384
glass,58,99,403,152,glass/glass305.jpg,512,384
glass,48,28,418,205,glass/glass306.jpg,512,384
glass,0,28,393,304,glass/glass307.jpg,512,384
glass,99,23,293,318,glass/glass308.jpg,512,384
glass,117,3,381,362,glass/glass309.jpg,512,384
glass,47,127,409,256,glass/glass310.jpg,512,384
glass,41,110,471,199,glass/glass311.jpg,512,384
glass,21,39,378,319,glass/glass312.jpg,512,384
glass,24,67,357,302,glass/glass313.jpg,512,384
glass,16,44,255,259,glass/glass314.jpg,512,384
glass,97,118,312,262,glass/glass315.jpg,512,384
glass,87,19,394,325,glass/glass316.jpg,512,384
glass,29,122,426,158,glass/glass317.jpg,512,384
glass,125,20,376,328,glass/glass318.jpg,512,384
glass,0,91,483,254,glass/glass319.jpg,512,384
glass,26,99,420,196,glass/glass320.jpg,512,384
glass,97,8,288,376,glass/glass321.jpg,512,384
glass,69,105,343,277,glass/glass322.jpg,512,384
glass,0,57,294,327,glass/glass323.jpg,512,384
glass,57,46,455,338,glass/glass324.jpg,512,384
glass,100,79,214,170,glass/glass325.jpg,512,384
glass,56,0,456,330,glass/glass326.jpg,512,384
glass,0,94,507,227,glass/glass327.jpg,512,384
glass,160,0,288,371,glass/glass328.jpg,512,384
glass,183,42,258,342,glass/glass329.jpg,512,384
glass,144,80,259,304,glass/glass330.jpg,512,384
glass,106,59,323,263,glass/glass331.jpg,512,384
glass,29,22,438,298,glass/glass332.jpg,512,384
glass,214,0,199,362,glass/glass333.jpg,512,384
glass,0,0,483,350,glass/glass334.jpg,512,384
glass,142,99,346,285,glass/glass335.jpg,512,384
glass,48,42,403,247,glass/glass336.jpg,512,384
glass,75,0,240,295,glass/glass337.jpg,512,384
glass,80,109,277,165,glass/glass338.jpg,512,384
glass,197,112,126,125,glass/glass339.jpg,512,384
glass,112,29,394,321,glass/glass340.jpg,512,384
glass,106,0,388,329,glass/glass341.jpg,512,384
glass,122,10,344,355,glass/glass342.jpg,512,384
glass,166,55,298,329,glass/glass343.jpg,512,384
glass,176,119,163,133,glass/glass344.jpg,512,384
glass,156,11,300,371,glass/glass345.jpg,512,384
glass,190,29,310,335,glass/glass346.jpg,512,384
glass,28,128,257,241,glass/glass347.jpg,512,384
glass,39,68,463,206,glass/glass348.jpg,512,384
glass,120,128,317,256,glass/glass349.jpg,512,384
glass,176,55,330,329,glass/glass350.jpg,512,384
glass,26,9,458,261,glass/glass351.jpg,512,384
glass,52,42,331,313,glass/glass352.jpg,512,384
glass,112,119,268,265,glass/glass353.jpg,512,384
glass,15,106,447,198,glass/glass354.jpg,512,384
glass,112,11,390,280,glass/glass355.jpg,512,384
glass,80,16,348,317,glass/glass356.jpg,512,384
glass,17,5,491,341,glass/glass357.jpg,512,384
glass,195,61,297,298,glass/glass358.jpg,512,384
glass,12,0,487,317,glass/glass359.jpg,512,384
glass,47,72,459,229,glass/glass360.jpg,512,384
glass,99,44,321,340,glass/glass361.jpg,512,384
glass,131,67,205,224,glass/glass362.jpg,512,384
glass,15,133,497,202,glass/glass363.jpg,512,384
glass,13,3,499,368,glass/glass364.jpg,512,384
glass,112,0,278,299,glass/glass365.jpg,512,384
glass,228,61,273,323,glass/glass366.jpg,512,384
glass,54,101,458,201,glass/glass367.jpg,512,384
glass,212,41,261,343,glass/glass368.jpg,512,384
glass,37,99,475,285,glass/glass369.jpg,512,384
glass,49,93,463,174,glass/glass370.jpg,512,384
glass,69,48,367,336,glass/glass371.jpg,512,384
glass,38,113,416,163,glass/glass372.jpg,512,384
glass,142,0,233,360,glass/glass373.jpg,512,384
glass,22,49,488,266,glass/glass374.jpg,512,384
glass,106,76,406,255,glass/glass375.jpg,512,384
glass,61,112,451,237,glass/glass376.jpg,512,384
glass,67,0,379,376,glass/glass377.jpg,512,384
glass,152,128,351,256,glass/glass378.jpg,512,384
glass,0,19,419,331,glass/glass379.jpg,512,384
glass,150,112,189,155,glass/glass380.jpg,512,384
glass,7,23,486,298,glass/glass381.jpg,512,384
glass,196,91,292,293,glass/glass382.jpg,512,384
glass,125,16,338,342,glass/glass383.jpg,512,384
glass,0,81,484,224,glass/glass384.jpg,512,384
glass,115,10,347,374,glass/glass385.jpg,512,384
glass,177,106,335,278,glass/glass386.jpg,512,384
glass,29,54,421,292,glass/glass387.jpg,512,384
glass,173,0,314,367,glass/glass388.jpg,512,384
glass,86,36,373,348,glass/glass389.jpg,512,384
glass,17,123,472,261,glass/glass390.jpg,512,384
glass,70,17,429,356,glass/glass391.jpg,512,384
glass,109,8,337,313,glass/glass392.jpg,512,384
glass,178,37,332,347,glass/glass393.jpg,512,384
glass,0,0,342,342,glass/glass394.jpg,512,384
glass,62,131,450,215,glass/glass395.jpg,512,384
glass,193,22,319,312,glass/glass396.jpg,512,384
glass,0,36,478,310,glass/glass397.jpg,512,384
glass,93,54,310,285,glass/glass398.jpg,512,384
glass,16,20,445,328,glass/glass399.jpg,512,384
glass,204,8,308,368,glass/glass400.jpg,512,384
glass,10,16,483,342,glass/glass401.jpg,512,384
glass,127,16,358,368,glass/glass402.jpg,512,384
glass,93,156,390,228,glass/glass403.jpg,512,384
glass,209,63,173,195,glass/glass404.jpg,512,384
glass,202,10,203,355,glass/glass405.jpg,512,384
glass,40,55,472,269,glass/glass406.jpg,512,384
glass,25,9,487,300,glass/glass407.jpg,512,384
glass,20,27,492,291,glass/glass408.jpg,512,384
glass,86,54,381,270,glass/glass409.jpg,512,384
glass,36,133,476,251,glass/glass410.jpg,512,384
glass,17,0,472,367,glass/glass411.jpg,512,384
glass,28,22,451,327,glass/glass412.jpg,512,384
glass,33,115,451,183,glass/glass413.jpg,512,384
glass,41,30,348,289,glass/glass414.jpg,512,384
glass,78,116,361,111,glass/glass415.jpg,512,384
glass,46,132,456,252,glass/glass416.jpg,512,384
glass,98,22,414,317,glass/glass417.jpg,512,384
glass,138,55,219,329,glass/glass418.jpg,512,384
glass,66,47,292,275,glass/glass419.jpg,512,384
glass,12,44,477,340,glass/glass420.jpg,512,384
glass,144,29,368,221,glass/glass421.jpg,512,384
glass,105,73,234,176,glass/glass422.jpg,512,384
glass,32,30,480,311,glass/glass423.jpg,512,384
glass,126,0,164,304,glass/glass424.jpg,512,384
glass,122,48,282,284,glass/glass425.jpg,512,384
glass,107,138,405,227,glass/glass426.jpg,512,384
glass,49,60,328,261,glass/glass427.jpg,512,384
glass,77,54,292,293,glass/glass428.jpg,512,384
glass,161,81,351,262,glass/glass429.jpg,512,384
glass,133,37,309,347,glass/glass430.jpg,512,384
glass,3,31,509,272,glass/glass431.jpg,512,384
glass,73,75,423,309,glass/glass432.jpg,512,384
glass,117,29,388,355,glass/glass433.jpg,512,384
glass,39,44,473,293,glass/glass434.jpg,512,384
glass,14,12,474,372,glass/glass435.jpg,512,384
glass,156,0,253,381,glass/glass436.jpg,512,384
glass,103,81,409,200,glass/glass437.jpg,512,384
glass,47,125,398,146,glass/glass438.jpg,512,384
glass,0,5,380,331,glass/glass439.jpg,512,384
glass,187,11,289,282,glass/glass440.jpg,512,384
glass,80,130,375,254,glass/glass441.jpg,512,384
glass,45,17,457,364,glass/glass442.jpg,512,384
glass,91,106,421,278,glass/glass443.jpg,512,384
glass,155,90,152,131,glass/glass444.jpg,512,384
glass,0,58,495,235,glass/glass445.jpg,512,384
glass,44,67,448,174,glass/glass446.jpg,512,384
glass,176,58,278,278,glass/glass447.jpg,512,384
glass,0,80,333,261,glass/glass448.jpg,512,384
glass,227,78,212,190,glass/glass449.jpg,512,384
glass,20,82,475,302,glass/glass450.jpg,512,384
glass,0,37,498,326,glass/glass451.jpg,512,384
glass,190,60,280,324,glass/glass452.jpg,512,384
glass,151,95,231,208,glass/glass453.jpg,512,384
glass,93,50,289,252,glass/glass454.jpg,512,384
glass,0,22,404,362,glass/glass455.jpg,512,384
glass,36,83,476,240,glass/glass456.jpg,512,384
glass,161,93,338,291,glass/glass457.jpg,512,384
glass,137,37,309,324,glass/glass458.jpg,512,384
glass,147,0,287,255,glass/glass459.jpg,512,384
glass,21,109,422,148,glass/glass460.jpg,512,384
glass,0,0,370,331,glass/glass461.jpg,512,384
glass,0,21,368,310,glass/glass462.jpg,512,384
glass,217,73,295,311,glass/glass463.jpg,512,384
glass,14,17,498,290,glass/glass464.jpg,512,384
glass,99,143,413,209,glass/glass465.jpg,512,384
glass,133,130,242,254,glass/glass466.jpg,512,384
glass,138,39,374,345,glass/glass467.jpg,512,384
glass,31,0,366,320,glass/glass468.jpg,512,384
glass,196,0,231,341,glass/glass469.jpg,512,384
glass,3,108,502,276,glass/glass470.jpg,512,384
glass,207,0,197,345,glass/glass472.jpg,512,384
glass,153,118,327,266,glass/glass473.jpg,512,384
glass,66,152,225,170,glass/glass474.jpg,512,384
glass,24,60,240,240,glass/glass475.jpg,512,384
glass,160,48,189,336,glass/glass476.jpg,512,384
glass,82,86,301,194,glass/glass477.jpg,512,384
glass,78,73,429,311,glass/glass478.jpg,512,384
glass,124,26,388,358,glass/glass479.jpg,512,384
glass,15,10,477,363,glass/glass480.jpg,512,384
glass,16,17,461,356,glass/glass481.jpg,512,384
glass,218,12,287,315,glass/glass482.jpg,512,384
glass,159,154,301,230,glass/glass483.jpg,512,384
glass,102,140,359,244,glass/glass484.jpg,512,384
glass,100,28,292,320,glass/glass485.jpg,512,384
glass,31,127,463,243,glass/glass486.jpg,512,384
glass,0,118,486,255,glass/glass487.jpg,512,384
glass,103,37,303,291,glass/glass488.jpg,512,384
glass,32,56,365,317,glass/glass489.jpg,512,384
glass,170,8,252,331,glass/glass490.jpg,512,384
glass,117,124,395,187,glass/glass491.jpg,512,384
glass,4,19,376,345,glass/glass492.jpg,512,384
glass,75,31,282,317,glass/glass493.jpg,512,384
glass,187,99,198,157,glass/glass494.jpg,512,384
glass,170,75,200,184,glass/glass495.jpg,512,384
glass,51,47,394,214,glass/glass496.jpg,512,384
glass,12,8,328,331,glass/glass497.jpg,512,384
glass,123,13,330,371,glass/glass498.jpg,512,384
glass,112,0,215,274,glass/glass499.jpg,512,384
glass,0,130,408,160,glass/glass500.jpg,512,384
glass,40,67,450,317,glass/glass501.jpg,512,384
cardboard,5,7,494,362,cardboard/cardboard1.jpg,512,384
cardboard,17,19,491,329,cardboard/cardboard2.jpg,512,384
cardboard,14,10,464,334,cardboard/cardboard3.jpg,512,384
cardboard,0,28,478,346,cardboard/cardboard4.jpg,512,384
cardboard,13,15,477,368,cardboard/cardboard5.jpg,512,384
cardboard,25,17,474,323,cardboard/cardboard6.jpg,512,384
cardboard,26,21,477,327,cardboard/cardboard7.jpg,512,384
cardboard,29,39,456,309,cardboard/cardboard8.jpg,512,384
cardboard,0,8,490,355,cardboard/cardboard9.jpg,512,384
cardboard,37,42,458,299,cardboard/cardboard10.jpg,512,384
cardboard,6,18,485,357,cardboard/cardboard11.jpg,512,384
cardboard,16,22,483,331,cardboard/cardboard12.jpg,512,384
cardboard,2,17,490,354,cardboard/cardboard13.jpg,512,384
cardboard,6,26,474,342,cardboard/cardboard14.jpg,512,384
cardboard,0,26,462,358,cardboard/cardboard15.jpg,512,384
cardboard,2,10,496,353,cardboard/cardboard16.jpg,512,384
cardboard,10,18,477,349,cardboard/cardboard17.jpg,512,384
cardboard,28,15,468,335,cardboard/cardboard18.jpg,512,384
cardboard,22,30,483,316,cardboard/cardboard19.jpg,512,384
cardboard,10,21,478,342,cardboard/cardboard20.jpg,512,384
cardboard,22,25,483,341,cardboard/cardboard21.jpg,512,384
cardboard,20,16,484,345,cardboard/cardboard22.jpg,512,384
cardboard,10,11,492,348,cardboard/cardboard23.jpg,512,384
cardboard,0,11,504,370,cardboard/cardboard24.jpg,512,384
cardboard,15,4,492,348,cardboard/cardboard25.jpg,512,384
cardboard,15,8,469,357,cardboard/cardboard26.jpg,512,384
cardboard,12,18,472,352,cardboard/cardboard27.jpg,512,384
cardboard,10,142,483,234,cardboard/cardboard28.jpg,512,384
cardboard,19,17,461,349,cardboard/cardboard29.jpg,512,384
cardboard,37,33,454,307,cardboard/cardboard30.jpg,512,384
cardboard,38,22,443,338,cardboard/cardboard31.jpg,512,384
cardboard,5,28,473,324,cardboard/cardboard32.jpg,512,384
cardboard,10,107,488,269,cardboard/cardboard33.jpg,512,384
cardboard,0,17,494,336,cardboard/cardboard34.jpg,512,384
cardboard,20,22,477,331,cardboard/cardboard35.jpg,512,384
cardboard,17,32,484,332,cardboard/cardboard36.jpg,512,384
cardboard,10,8,490,360,cardboard/cardboard37.jpg,512,384
cardboard,0,9,497,360,cardboard/cardboard38.jpg,512,384
cardboard,5,12,490,356,cardboard/cardboard39.jpg,512,384
cardboard,13,16,485,348,cardboard/cardboard40.jpg,512,384
cardboard,54,60,458,169,cardboard/cardboard41.jpg,512,384
cardboard,11,12,392,346,cardboard/cardboard42.jpg,512,384
cardboard,144,29,327,345,cardboard/cardboard43.jpg,512,384
cardboard,9,21,495,355,cardboard/cardboard44.jpg,512,384
cardboard,6,15,487,369,cardboard/cardboard45.jpg,512,384
cardboard,13,14,482,359,cardboard/cardboard46.jpg,512,384
cardboard,5,10,502,373,cardboard/cardboard47.jpg,512,384
cardboard,10,9,491,342,cardboard/cardboard48.jpg,512,384
cardboard,122,8,378,370,cardboard/cardboard49.jpg,512,384
cardboard,9,20,488,348,cardboard/cardboard50.jpg,512,384
cardboard,21,19,458,352,cardboard/cardboard51.jpg,512,384
cardboard,14,10,498,361,cardboard/cardboard52.jpg,512,384
cardboard,72,9,419,349,cardboard/cardboard53.jpg,512,384
cardboard,0,4,364,365,cardboard/cardboard54.jpg,512,384
cardboard,12,10,489,368,cardboard/cardboard55.jpg,512,384
cardboard,25,30,465,333,cardboard/cardboard56.jpg,512,384
cardboard,11,16,497,357,cardboard/cardboard57.jpg,512,384
cardboard,17,10,478,364,cardboard/cardboard58.jpg,512,384
cardboard,23,26,476,321,cardboard/cardboard59.jpg,512,384
cardboard,16,12,486,362,cardboard/cardboard60.jpg,512,384
cardboard,20,15,459,354,cardboard/cardboard61.jpg,512,384
cardboard,10,21,477,336,cardboard/cardboard62.jpg,512,384
cardboard,16,10,468,357,cardboard/cardboard63.jpg,512,384
cardboard,0,13,492,369,cardboard/cardboard64.jpg,512,384
cardboard,0,16,500,362,cardboard/cardboard65.jpg,512,384
cardboard,19,13,470,342,cardboard/cardboard66.jpg,512,384
cardboard,25,27,471,337,cardboard/cardboard67.jpg,512,384
cardboard,15,8,489,357,cardboard/cardboard68.jpg,512,384
cardboard,4,15,483,361,cardboard/cardboard69.jpg,512,384
cardboard,20,8,475,358,cardboard/cardboard70.jpg,512,384
cardboard,10,10,494,356,cardboard/cardboard71.jpg,512,384
cardboard,0,22,488,362,cardboard/cardboard72.jpg,512,384
cardboard,21,10,484,362,cardboard/cardboard73.jpg,512,384
cardboard,24,12,477,323,cardboard/cardboard74.jpg,512,384
cardboard,7,12,490,352,cardboard/cardboard75.jpg,512,384
cardboard,22,2,467,361,cardboard/cardboard76.jpg,512,384
cardboard,17,6,478,361,cardboard/cardboard77.jpg,512,384
cardboard,8,13,485,359,cardboard/cardboard78.jpg,512,384
cardboard,5,14,494,345,cardboard/cardboard79.jpg,512,384
cardboard,0,16,492,349,cardboard/cardboard80.jpg,512,384
cardboard,1,24,506,360,cardboard/cardboard81.jpg,512,384
cardboard,18,11,472,350,cardboard/cardboard82.jpg,512,384
cardboard,3,7,503,366,cardboard/cardboard83.jpg,512,384
cardboard,28,15,464,323,cardboard/cardboard84.jpg,512,384
cardboard,65,24,437,360,cardboard/cardboard85.jpg,512,384
cardboard,1,17,492,367,cardboard/cardboard86.jpg,512,384
cardboard,0,16,478,357,cardboard/cardboard87.jpg,512,384
cardboard,11,26,486,330,cardboard/cardboard88.jpg,512,384
cardboard,13,22,494,340,cardboard/cardboard89.jpg,512,384
cardboard,8,11,500,354,cardboard/cardboard90.jpg,512,384
cardboard,21,31,479,332,cardboard/cardboard91.jpg,512,384
cardboard,22,20,488,346,cardboard/cardboard92.jpg,512,384
cardboard,0,0,491,366,cardboard/cardboard93.jpg,512,384
cardboard,23,12,397,367,cardboard/cardboard94.jpg,512,384
cardboard,13,13,498,351,cardboard/cardboard95.jpg,512,384
cardboard,8,13,490,368,cardboard/cardboard96.jpg,512,384
cardboard,0,5,487,377,cardboard/cardboard97.jpg,512,384
cardboard,16,20,490,340,cardboard/cardboard98.jpg,512,384
cardboard,4,56,495,233,cardboard/cardboard99.jpg,512,384
cardboard,8,16,487,354,cardboard/cardboard100.jpg,512,384
cardboard,10,14,470,362,cardboard/cardboard101.jpg,512,384
cardboard,9,10,500,367,cardboard/cardboard102.jpg,512,384
cardboard,14,22,467,332,cardboard/cardboard103.jpg,512,384
cardboard,10,20,483,339,cardboard/cardboard104.jpg,512,384
cardboard,10,13,493,356,cardboard/cardboard105.jpg,512,384
cardboard,16,28,486,351,cardboard/cardboard106.jpg,512,384
cardboard,8,13,474,353,cardboard/cardboard107.jpg,512,384
cardboard,20,22,460,354,cardboard/cardboard108.jpg,512,384
cardboard,77,35,429,345,cardboard/cardboard109.jpg,512,384
cardboard,5,7,498,375,cardboard/cardboard110.jpg,512,384
cardboard,19,11,485,372,cardboard/cardboard111.jpg,512,384
cardboard,10,136,475,240,cardboard/cardboard112.jpg,512,384
cardboard,12,31,471,348,cardboard/cardboard113.jpg,512,384
cardboard,18,6,458,362,cardboard/cardboard114.jpg,512,384
cardboard,22,3,464,381,cardboard/cardboard115.jpg,512,384
cardboard,0,6,453,256,cardboard/cardboard116.jpg,512,384
cardboard,54,9,386,360,cardboard/cardboard117.jpg,512,384
cardboard,4,23,504,330,cardboard/cardboard118.jpg,512,384
cardboard,9,16,495,340,cardboard/cardboard119.jpg,512,384
cardboard,0,135,504,239,cardboard/cardboard120.jpg,512,384